permno,date,tsymbol,comnam,prc,ret,vol,shrout
11308,2009-12-31,KO,COCA COLA CO,57.0,-0.003497,1928924.0,2317181.0
11308,2010-01-29,KO,COCA COLA CO,54.25,-0.048246,1927039.0,2317181.0
11308,2010-02-26,KO,COCA COLA CO,52.72,-0.028203,2290196.0,2305124.0
11308,2010-03-31,KO,COCA COLA CO,55.0,0.051593,2678707.0,2305124.0
11308,2010-04-30,KO,COCA COLA CO,53.45,-0.028182,2219286.0,2307051.0
11308,2010-05-28,KO,COCA COLA CO,51.4,-0.038354,2645761.0,2307051.0
11308,2010-06-30,KO,COCA COLA CO,50.12,-0.016342,2423584.0,2307051.0
11308,2010-07-30,KO,COCA COLA CO,55.11,0.099561,1866834.0,2307051.0
11308,2010-08-31,KO,COCA COLA CO,55.8825,0.014017,1951418.0,2309462.0
11308,2010-09-30,KO,COCA COLA CO,58.52,0.055071,1740931.0,2309462.0
11308,2010-10-29,KO,COCA COLA CO,61.32,0.047847,1936493.0,2322034.0
11308,2010-11-30,KO,COCA COLA CO,63.17,0.037345,2202554.0,2322034.0
11308,2010-12-31,KO,COCA COLA CO,65.77,0.041159,2035970.0,2322034.0
11308,2011-01-31,KO,COCA COLA CO,62.85,-0.044397,1834220.0,2322034.0
11308,2011-02-28,KO,COCA COLA CO,63.92,0.017025,1575611.0,2294317.0
11308,2011-03-31,KO,COCA COLA CO,66.34,0.045213,2158086.0,2295128.0
11308,2011-04-29,KO,COCA COLA CO,67.46,0.016883,1519102.0,2295128.0
11308,2011-05-31,KO,COCA COLA CO,66.81,-0.009635,1393964.0,2289254.0
11308,2011-06-30,KO,COCA COLA CO,67.29,0.014219,1746400.0,2289254.0
11308,2011-07-29,KO,COCA COLA CO,68.01,0.010700,1627456.0,2289254.0
11308,2011-08-31,KO,COCA COLA CO,70.45,0.035877,3239729.0,2296096.0
11308,2011-09-30,KO,COCA COLA CO,67.56,-0.034351,2586360.0,2296096.0
11308,2011-10-31,KO,COCA COLA CO,68.32,0.011249,2032613.0,2271232.0
11308,2011-11-30,KO,COCA COLA CO,67.23,-0.009075,1692888.0,2271232.0
11308,2011-12-30,KO,COCA COLA CO,69.97,0.040756,1547905.0,2271232.0
11308,2012-01-31,KO,COCA COLA CO,67.53,-0.034872,1501279.0,2271232.0
11308,2012-02-29,KO,COCA COLA CO,69.86,0.034503,1438442.0,2263204.0
11308,2012-03-30,KO,COCA COLA CO,74.01,0.066705,2051340.0,2264574.0
11308,2012-04-30,KO,COCA COLA CO,76.32,0.031212,1457303.0,2257934.0
11308,2012-05-31,KO,COCA COLA CO,74.73,-0.020833,1677241.0,2255950.0
11308,2012-06-29,KO,COCA COLA CO,78.19,0.053125,1398036.0,2255950.0
11308,2012-07-31,KO,COCA COLA CO,80.8,0.033380,1445246.0,2250962.0
11308,2012-08-31,KO,COCA COLA CO,37.4,-0.074257,2384491.0,4501924.0
11308,2012-09-28,KO,COCA COLA CO,37.93,0.020989,4696192.0,4501924.0
11308,2012-10-31,KO,COCA COLA CO,37.18,-0.019773,2938444.0,4485162.0
11308,2012-11-30,KO,COCA COLA CO,37.92,0.026762,2614656.0,4485162.0
11308,2012-12-31,KO,COCA COLA CO,36.25,-0.044040,2696596.0,4485162.0
11308,2013-01-31,KO,COCA COLA CO,37.24,0.027310,3027909.0,4485162.0
11308,2013-02-28,KO,COCA COLA CO,38.72,0.039742,3249849.0,4456718.0
11308,2013-03-28,KO,COCA COLA CO,40.44,0.051653,2884872.0,4456718.0
11308,2013-04-30,KO,COCA COLA CO,42.33,0.046736,3178598.0,4453755.0
11308,2013-05-31,KO,COCA COLA CO,39.99,-0.055280,2882724.0,4453755.0
11308,2013-06-28,KO,COCA COLA CO,40.11,0.010002,3058447.0,4453755.0
11308,2013-07-31,KO,COCA COLA CO,40.08,-0.000748,2609599.0,4433154.0
11308,2013-08-30,KO,COCA COLA CO,38.18,-0.047405,2968333.0,4433154.0
11308,2013-09-30,KO,COCA COLA CO,37.88,-0.000524,3011107.0,4433154.0
11308,2013-10-31,KO,COCA COLA CO,39.57,0.044615,3790137.0,4415923.0
11308,2013-11-29,KO,COCA COLA CO,40.19,0.022744,2679675.0,4415923.0
11308,2013-12-31,KO,COCA COLA CO,41.31,0.027868,3011754.0,4415923.0
11308,2014-01-31,KO,COCA COLA CO,37.82,-0.084483,2896947.0,4415923.0
11308,2014-02-28,KO,COCA COLA CO,38.2,0.010048,3857872.0,4405893.0
11308,2014-03-31,KO,COCA COLA CO,38.66,0.020026,3492962.0,4405893.0
11308,2014-04-30,KO,COCA COLA CO,40.79,0.055096,3827432.0,4395183.0
11308,2014-05-30,KO,COCA COLA CO,40.91,0.002942,2136387.0,4395183.0
11308,2014-06-30,KO,COCA COLA CO,42.36,0.042899,2819811.0,4395183.0
11308,2014-07-31,KO,COCA COLA CO,39.29,-0.072474,2829462.0,4385924.0
11308,2014-08-29,KO,COCA COLA CO,41.72,0.061848,2478963.0,4385924.0
11308,2014-09-30,KO,COCA COLA CO,42.66,0.029842,3148783.0,4385924.0
11308,2014-10-31,KO,COCA COLA CO,41.88,-0.018284,5298885.0,4380113.0
11308,2014-11-28,KO,COCA COLA CO,44.83,0.077722,2541154.0,4380113.0
11308,2014-12-31,KO,COCA COLA CO,42.22,-0.058220,3268899.0,4380113.0
11308,2015-01-30,KO,COCA COLA CO,41.17,-0.024870,2930922.0,4380113.0
11308,2015-02-27,KO,COCA COLA CO,43.3,0.051737,2916478.0,4366244.0
11308,2015-03-31,KO,COCA COLA CO,40.55,-0.055889,3707384.0,4368493.0
11308,2015-04-30,KO,COCA COLA CO,40.56,0.000247,2840201.0,4368493.0
11308,2015-05-29,KO,COCA COLA CO,40.96,0.009862,2305929.0,4358701.0
11308,2015-06-30,KO,COCA COLA CO,39.23,-0.034180,2882903.0,4358701.0
11308,2015-07-31,KO,COCA COLA CO,41.08,0.047158,2681002.0,4350004.0
11308,2015-08-31,KO,COCA COLA CO,39.32,-0.042843,3430777.0,4350004.0
11308,2015-09-30,KO,COCA COLA CO,40.12,0.028739,3472840.0,4350004.0
11308,2015-10-30,KO,COCA COLA CO,42.35,0.055583,3665655.0,4348985.0
11308,2015-11-30,KO,COCA COLA CO,42.62,0.014168,2521289.0,4348985.0
11308,2015-12-31,KO,COCA COLA CO,42.96,0.007977,2866725.0,4348985.0
11308,2016-01-29,KO,COCA COLA CO,42.92,-0.000931,3179210.0,4348985.0
11308,2016-02-29,KO,COCA COLA CO,43.13,0.004893,3041336.0,4329498.0
11308,2016-03-31,KO,COCA COLA CO,46.39,0.083700,3472382.0,4328750.0
11308,2016-04-29,KO,COCA COLA CO,44.8,-0.034275,3173379.0,4326199.0
11308,2016-05-31,KO,COCA COLA CO,44.6,-0.004464,2302962.0,4326199.0
11308,2016-06-30,KO,COCA COLA CO,45.33,0.024215,2655187.0,4326199.0
11308,2016-07-29,KO,COCA COLA CO,43.63,-0.037503,2360725.0,4316029.0
11308,2016-08-31,KO,COCA COLA CO,43.43,-0.004584,2351183.0,4316029.0
11308,2016-09-30,KO,COCA COLA CO,42.32,-0.017499,2510932.0,4316029.0
11308,2016-10-31,KO,COCA COLA CO,42.4,0.001890,2648395.0,4312959.0
11308,2016-11-30,KO,COCA COLA CO,40.35,-0.040094,3165699.0,4312959.0
11308,2016-12-30,KO,COCA COLA CO,41.46,0.027509,2838709.0,4312959.0
11308,2017-01-31,KO,COCA COLA CO,41.57,0.002653,2403444.0,4312959.0
11308,2017-02-28,KO,COCA COLA CO,41.96,0.009382,3339838.0,4293462.0
11308,2017-03-31,KO,COCA COLA CO,42.44,0.020257,3391940.0,4292015.0
11308,2017-04-28,KO,COCA COLA CO,43.15,0.016730,2324654.0,4272559.0
11308,2017-05-31,KO,COCA COLA CO,45.47,0.053766,2505878.0,4272559.0
11308,2017-06-30,KO,COCA COLA CO,44.85,-0.005498,2416091.0,4272559.0
11308,2017-07-31,KO,COCA COLA CO,45.84,0.022074,1953690.0,4265304.0
11308,2017-08-31,KO,COCA COLA CO,45.55,-0.006326,2086738.0,4265304.0
11308,2017-09-29,KO,COCA COLA CO,45.01,-0.003732,1979968.0,4265304.0
11308,2017-10-31,KO,COCA COLA CO,45.98,0.021551,1923617.0,4260667.0
11308,2017-11-30,KO,COCA COLA CO,45.77,0.003480,2176819.0,4260667.0
11308,2017-12-29,KO,COCA COLA CO,45.88,0.002403,2079452.0,4260667.0
11308,2018-01-31,KO,COCA COLA CO,47.59,0.037271,2564174.0,4260667.0
11308,2018-02-28,KO,COCA COLA CO,43.22,-0.091826,2928097.0,4265907.0
11308,2018-03-29,KO,COCA COLA CO,43.43,0.013882,2787769.0,4264499.0
11308,2018-04-30,KO,COCA COLA CO,43.21,-0.005066,2571467.0,4264499.0
11308,2018-05-31,KO,COCA COLA CO,43.0,-0.004860,2529546.0,4255263.0
11308,2018-06-29,KO,COCA COLA CO,43.86,0.029070,2604135.0,4255263.0
11308,2018-07-31,KO,COCA COLA CO,46.63,0.063156,2081530.0,4252922.0
11308,2018-08-31,KO,COCA COLA CO,44.57,-0.044178,2311552.0,4252922.0
11308,2018-09-28,KO,COCA COLA CO,46.19,0.045098,1935435.0,4252922.0
11308,2018-10-31,KO,COCA COLA CO,47.88,0.036588,3263557.0,4256514.0
11308,2018-11-30,KO,COCA COLA CO,50.4,0.060777,2799583.0,4256514.0
11308,2018-12-31,KO,COCA COLA CO,47.35,-0.060516,3081008.0,4256514.0
11308,2019-01-31,KO,COCA COLA CO,48.13,0.016473,2907532.0,4256514.0
11308,2019-02-28,KO,COCA COLA CO,45.34,-0.057968,3885708.0,4275340.0
11308,2019-03-29,KO,COCA COLA CO,46.86,0.042347,3639619.0,4275161.0
11308,2019-04-30,KO,COCA COLA CO,49.06,0.046948,2380172.0,4266115.0
11308,2019-05-31,KO,COCA COLA CO,49.13,0.001427,2582729.0,4266115.0
11308,2019-06-28,KO,COCA COLA CO,50.92,0.044576,2485878.0,4266115.0
11308,2019-07-31,KO,COCA COLA CO,52.63,0.033582,2577007.0,4276027.0
11308,2019-08-30,KO,COCA COLA CO,55.04,0.045791,2719903.0,4276027.0
11308,2019-09-30,KO,COCA COLA CO,54.44,-0.003634,2192138.0,4276027.0
11308,2019-10-31,KO,COCA COLA CO,54.43,-0.000184,2500295.0,4284491.0
11308,2019-11-29,KO,COCA COLA CO,53.4,-0.011574,2263107.0,4284491.0
11308,2019-12-31,KO,COCA COLA CO,55.35,0.036517,2337579.0,4284491.0
11308,2020-01-31,KO,COCA COLA CO,58.4,0.055104,2863722.0,4280000.0
11308,2020-02-28,KO,COCA COLA CO,53.49,-0.084075,2456064.0,4290276.0
11308,2020-03-31,KO,COCA COLA CO,44.25,-0.165078,6934530.0,4293402.0
11308,2020-04-30,KO,COCA COLA CO,45.89,0.037062,3952177.0,4294891.0
11308,2020-05-29,KO,COCA COLA CO,46.68,0.017215,3827897.0,4294891.0
11308,2020-06-30,KO,COCA COLA CO,44.68,-0.034062,3992084.0,4294891.0
11308,2020-07-31,KO,COCA COLA CO,47.24,0.057296,3693065.0,4295439.0
11308,2020-08-31,KO,COCA COLA CO,49.53,0.048476,2521851.0,4295439.0
11308,2020-09-30,KO,COCA COLA CO,49.37,0.005047,3416428.0,4295439.0
11308,2020-10-30,KO,COCA COLA CO,48.06,-0.026534,2922003.0,4297435.0
11308,2020-11-30,KO,COCA COLA CO,51.6,0.082189,3393446.0,4297435.0
11308,2020-12-31,KO,COCA COLA CO,54.84,0.062791,3034911.0,4297435.0
11308,2021-01-29,KO,COCA COLA CO,48.15,-0.121991,4572190.0,4297435.0
11308,2021-02-26,KO,COCA COLA CO,48.99,0.017445,3010812.0,4309312.0
11308,2021-03-31,KO,COCA COLA CO,52.71,0.084507,4521935.0,4309312.0
11308,2021-04-30,KO,COCA COLA CO,53.98,0.024094,2708107.0,4311681.0
11308,2021-05-28,KO,COCA COLA CO,55.29,0.024268,3099051.0,4311681.0
11308,2021-06-30,KO,COCA COLA CO,54.11,-0.013746,3058586.0,4311681.0
11308,2021-07-30,KO,COCA COLA CO,57.03,0.053964,2933861.0,4320000.0
11308,2021-08-31,KO,COCA COLA CO,56.31,-0.012625,2203366.0,4320000.0
11308,2021-09-30,KO,COCA COLA CO,52.47,-0.060735,3344958.0,4320000.0
11308,2021-10-29,KO,COCA COLA CO,56.37,0.074328,3318134.0,4320000.0
11308,2021-11-30,KO,COCA COLA CO,52.45,-0.062090,2866845.0,4320000.0
11308,2021-12-31,KO,COCA COLA CO,59.21,0.128885,4268202.0,4320000.0
11308,2022-01-31,KO,COCA COLA CO,61.01,0.030400,4079210.0,4320000.0
11308,2022-02-28,KO,COCA COLA CO,62.24,0.020161,3960014.0,4320000.0
11308,2022-03-31,KO,COCA COLA CO,62.0,0.003213,4269254.0,4334995.0
11308,2022-04-29,KO,COCA COLA CO,64.61,0.042097,3196019.0,4334995.0
11308,2022-05-31,KO,COCA COLA CO,63.38,-0.019037,4598819.0,4335029.0
11308,2022-06-30,KO,COCA COLA CO,62.91,-0.000473,3532009.0,4335029.0
11308,2022-07-29,KO,COCA COLA CO,64.17,0.020029,2758081.0,4335029.0
11308,2022-08-31,KO,COCA COLA CO,61.71,-0.038336,2231795.0,4324629.0
11308,2022-09-30,KO,COCA COLA CO,56.02,-0.085075,3175609.0,4324629.0
11308,2022-10-31,KO,COCA COLA CO,59.85,0.068368,3259645.0,4324513.0
11308,2022-11-30,KO,COCA COLA CO,63.61,0.070175,2699928.0,4324513.0
11308,2022-12-30,KO,COCA COLA CO,63.61,0.000000,2459875.0,4324513.0
11308,2023-01-31,KO,COCA COLA CO,61.32,-0.036001,2607372.0,4324513.0
11308,2023-02-28,KO,COCA COLA CO,59.51,-0.029517,2658908.0,4324513.0
11308,2023-03-31,KO,COCA COLA CO,62.03,0.050076,3354720.0,4326692.0
11308,2023-04-28,KO,COCA COLA CO,64.15,0.034177,2133538.0,4324578.0
11308,2023-05-31,KO,COCA COLA CO,59.66,-0.069992,2957548.0,4324578.0
11308,2023-06-30,KO,COCA COLA CO,60.22,0.017097,3204453.0,4324578.0
11308,2023-07-31,KO,COCA COLA CO,61.93,0.028396,2563132.0,4324345.0
11308,2023-08-31,KO,COCA COLA CO,59.83,-0.033909,2045829.0,4324345.0
11308,2023-09-29,KO,COCA COLA CO,55.98,-0.056661,3104152.0,4324345.0
11308,2023-10-31,KO,COCA COLA CO,56.49,0.009110,3879700.0,4323414.0
11308,2023-11-30,KO,COCA COLA CO,58.44,0.042662,2749750.0,4323414.0
11308,2023-12-29,KO,COCA COLA CO,58.93,0.008385,3135287.0,4323414.0
11308,2024-01-31,KO,COCA COLA CO,59.49,0.009503,2938936.0,4323414.0
11308,2024-02-29,KO,COCA COLA CO,60.02,0.008909,2843599.0,4312456.0
11308,2024-03-28,KO,COCA COLA CO,61.18,0.027408,2876201.0,4312456.0
11308,2024-04-30,KO,COCA COLA CO,61.77,0.009644,3006112.0,4311191.0
11308,2024-05-31,KO,COCA COLA CO,62.93,0.018779,2387503.0,4307955.0
11308,2024-06-28,KO,COCA COLA CO,63.65,0.019148,2223670.0,4307955.0
11308,2024-07-31,KO,COCA COLA CO,66.74,0.048547,2575902.0,4309868.0
11308,2024-08-30,KO,COCA COLA CO,72.47,0.085856,3112416.0,4309868.0
11308,2024-09-30,KO,COCA COLA CO,71.86,-0.001725,3062726.0,4309868.0
11308,2024-10-31,KO,COCA COLA CO,65.31,-0.091150,2955459.0,4307797.0
11308,2024-11-29,KO,COCA COLA CO,64.08,-0.011407,3320610.0,4307797.0
11308,2024-12-31,KO,COCA COLA CO,62.26,-0.028402,3911358.0,4307797.0
14593,2009-12-31,AAPL,APPLE INC,210.73199,0.054134,4186200.0,906282.0
14593,2010-01-29,AAPL,APPLE INC,192.063,-0.088591,5575899.0,906795.0
14593,2010-02-26,AAPL,APPLE INC,204.62,0.065380,3948388.0,906795.0
14593,2010-03-31,AAPL,APPLE INC,235.0,0.148470,4451058.0,909636.0
14593,2010-04-30,AAPL,APPLE INC,261.09,0.111021,4539345.0,909938.0
14593,2010-05-28,AAPL,APPLE INC,256.88,-0.016125,6656423.0,909938.0
14593,2010-06-30,AAPL,APPLE INC,251.53,-0.020827,6132684.0,913482.0
14593,2010-07-30,AAPL,APPLE INC,257.25,0.022741,5775158.0,913563.0
14593,2010-08-31,AAPL,APPLE INC,243.10001,-0.055005,3554056.0,913563.0
14593,2010-09-30,AAPL,APPLE INC,283.75,0.167215,4387687.0,915970.0
14593,2010-10-29,AAPL,APPLE INC,300.98001,0.060723,4529149.0,917307.0
14593,2010-11-30,AAPL,APPLE INC,311.14999,0.033790,3525278.0,917307.0
14593,2010-12-31,AAPL,APPLE INC,322.56,0.036670,2580173.0,921035.0
14593,2011-01-31,AAPL,APPLE INC,339.32001,0.051959,4017673.0,921278.0
14593,2011-02-28,AAPL,APPLE INC,353.20999,0.040935,3459849.0,921278.0
14593,2011-03-31,AAPL,APPLE INC,348.50751,-0.013314,4253054.0,924674.0
14593,2011-04-29,AAPL,APPLE INC,350.13,0.004656,3437440.0,924755.0
14593,2011-05-31,AAPL,APPLE INC,347.82999,-0.006569,2580262.0,924755.0
14593,2011-06-30,AAPL,APPLE INC,335.67001,-0.034960,3449685.0,926904.0
14593,2011-07-29,AAPL,APPLE INC,390.48001,0.163285,3929412.0,927091.0
14593,2011-08-31,AAPL,APPLE INC,384.82999,-0.014469,5981498.0,927091.0
14593,2011-09-30,AAPL,APPLE INC,381.32001,-0.009121,4428460.0,929277.0
14593,2011-10-31,AAPL,APPLE INC,404.78,0.061523,4844030.0,929409.0
14593,2011-11-30,AAPL,APPLE INC,382.20001,-0.055783,3300869.0,929409.0
14593,2011-12-30,AAPL,APPLE INC,405.0,0.059655,2327054.0,932214.0
14593,2012-01-31,AAPL,APPLE INC,456.48001,0.127111,2529489.0,932370.0
14593,2012-02-29,AAPL,APPLE INC,542.44,0.188311,4208016.0,932370.0
14593,2012-03-30,AAPL,APPLE INC,599.54999,0.105284,5751713.0,934982.0
14593,2012-04-30,AAPL,APPLE INC,583.97998,-0.025969,5815315.0,935062.0
14593,2012-05-31,AAPL,APPLE INC,577.72998,-0.010702,4145678.0,935062.0
14593,2012-06-29,AAPL,APPLE INC,584.0,0.010853,2927706.0,937266.0
14593,2012-07-31,AAPL,APPLE INC,610.76001,0.045822,3336045.0,937406.0
14593,2012-08-31,AAPL,APPLE INC,665.23999,0.093539,3104998.0,937406.0
14593,2012-09-28,AAPL,APPLE INC,667.10498,0.002803,3438905.0,939208.0
14593,2012-10-31,AAPL,APPLE INC,595.32001,-0.107607,4539999.0,940692.0
14593,2012-11-30,AAPL,APPLE INC,585.28003,-0.012413,4629601.0,940692.0
14593,2012-12-31,AAPL,APPLE INC,532.17291,-0.090738,4472556.0,938973.0
14593,2013-01-31,AAPL,APPLE INC,455.48999,-0.144094,4864029.0,939058.0
14593,2013-02-28,AAPL,APPLE INC,441.39999,-0.025116,3474204.0,939058.0
14593,2013-03-28,AAPL,APPLE INC,442.66,0.002855,3418252.0,940094.0
14593,2013-04-30,AAPL,APPLE INC,442.78,0.000271,4103155.0,938649.0
14593,2013-05-31,AAPL,APPLE INC,449.73499,0.022596,3507527.0,938649.0
14593,2013-06-28,AAPL,APPLE INC,396.53,-0.118303,2611351.0,908442.0
14593,2013-07-31,AAPL,APPLE INC,452.53,0.141225,2431461.0,908497.0
14593,2013-08-30,AAPL,APPLE INC,487.216,0.083389,2997612.0,908497.0
14593,2013-09-30,AAPL,APPLE INC,476.75,-0.021481,3214144.0,899213.0
14593,2013-10-31,AAPL,APPLE INC,522.70203,0.096386,2948696.0,899738.0
14593,2013-11-29,AAPL,APPLE INC,556.07001,0.069673,1952387.0,899738.0
14593,2013-12-31,AAPL,APPLE INC,561.02002,0.008902,2547642.0,892447.0
14593,2014-01-31,AAPL,APPLE INC,500.60001,-0.107697,3188098.0,891989.0
14593,2014-02-28,AAPL,APPLE INC,526.23999,0.057311,2111318.0,891989.0
14593,2014-03-31,AAPL,APPLE INC,536.73999,0.019953,1794860.0,861745.0
14593,2014-04-30,AAPL,APPLE INC,590.09003,0.099396,2299269.0,861381.0
14593,2014-05-30,AAPL,APPLE INC,633.0,0.078293,2051679.0,861381.0
14593,2014-06-30,AAPL,APPLE INC,92.93,0.027662,8535462.0,5989171.0
14593,2014-07-31,AAPL,APPLE INC,95.6,0.028731,10375564.0,5987867.0
14593,2014-08-29,AAPL,APPLE INC,102.5,0.077092,9380685.0,5987867.0
14593,2014-09-30,AAPL,APPLE INC,100.75,-0.017073,15283673.0,5866161.0
14593,2014-10-31,AAPL,APPLE INC,108.0,0.071960,13609713.0,5864840.0
14593,2014-11-28,AAPL,APPLE INC,118.93,0.105556,8213451.0,5864840.0
14593,2014-12-31,AAPL,APPLE INC,110.38,-0.071891,10766123.0,5826419.0
14593,2015-01-30,AAPL,APPLE INC,117.16,0.061424,13062738.0,5824748.0
14593,2015-02-27,AAPL,APPLE INC,128.46001,0.100461,11373392.0,5824748.0
14593,2015-03-31,AAPL,APPLE INC,124.43,-0.031372,11389236.0,5824748.0
14593,2015-04-30,AAPL,APPLE INC,125.15,0.005786,9962108.0,5762278.0
14593,2015-05-29,AAPL,APPLE INC,130.28,0.045146,9552599.0,5762278.0
14593,2015-06-30,AAPL,APPLE INC,125.425,-0.037266,8789027.0,5705400.0
14593,2015-07-31,AAPL,APPLE INC,121.3,-0.032888,10600330.0,5702722.0
14593,2015-08-31,AAPL,APPLE INC,112.76,-0.066117,16079713.0,5702722.0
14593,2015-09-30,AAPL,APPLE INC,110.3,-0.021816,12091001.0,5702722.0
14593,2015-10-30,AAPL,APPLE INC,119.5,0.083409,11147142.0,5575331.0
14593,2015-11-30,AAPL,APPLE INC,118.3,-0.005690,7517860.0,5575331.0
14593,2015-12-31,AAPL,APPLE INC,105.26,-0.110228,9237703.0,5544487.0
14593,2016-01-29,AAPL,APPLE INC,97.34,-0.075242,12705755.0,5544583.0
14593,2016-02-29,AAPL,APPLE INC,96.69,-0.001335,8115988.0,5544583.0
14593,2016-03-31,AAPL,APPLE INC,108.99,0.127211,7462865.0,5478446.0
14593,2016-04-29,AAPL,APPLE INC,93.74,-0.139921,8736024.0,5477425.0
14593,2016-05-31,AAPL,APPLE INC,99.86,0.071368,9014125.0,5477425.0
14593,2016-06-30,AAPL,APPLE INC,95.6,-0.042660,7810042.0,5393165.0
14593,2016-07-29,AAPL,APPLE INC,104.21,0.090063,6860207.0,5388443.0
14593,2016-08-31,AAPL,APPLE INC,106.1,0.023606,6322814.0,5388443.0
14593,2016-09-30,AAPL,APPLE INC,113.05,0.065504,9701084.0,5388443.0
14593,2016-10-31,AAPL,APPLE INC,113.54,0.004334,6880542.0,5332313.0
14593,2016-11-30,AAPL,APPLE INC,110.52,-0.021578,7252313.0,5332313.0
14593,2016-12-30,AAPL,APPLE INC,115.82,0.047955,6107580.0,5257816.0
14593,2017-01-31,AAPL,APPLE INC,121.35,0.047746,5633445.0,5246540.0
14593,2017-02-28,AAPL,APPLE INC,136.99001,0.133581,5765024.0,5246540.0
14593,2017-03-31,AAPL,APPLE INC,143.66,0.048690,5625243.0,5205815.0
14593,2017-04-28,AAPL,APPLE INC,143.64999,-0.000070,3744562.0,5213840.0
14593,2017-05-31,AAPL,APPLE INC,152.75999,0.067804,6555619.0,5213840.0
14593,2017-06-30,AAPL,APPLE INC,144.02,-0.057214,6847120.0,5169782.0
14593,2017-07-31,AAPL,APPLE INC,148.73,0.032704,4222408.0,5165228.0
14593,2017-08-31,AAPL,APPLE INC,164.0,0.106905,6617859.0,5165228.0
14593,2017-09-29,AAPL,APPLE INC,154.12,-0.060244,6805415.0,5126201.0
14593,2017-10-31,AAPL,APPLE INC,169.03999,0.096808,5043862.0,5134312.0
14593,2017-11-30,AAPL,APPLE INC,171.85001,0.020350,6016020.0,5134312.0
14593,2017-12-29,AAPL,APPLE INC,169.23,-0.015246,5319099.0,5087056.0
14593,2018-01-31,AAPL,APPLE INC,167.42999,-0.010636,6597524.0,5074013.0
14593,2018-02-28,AAPL,APPLE INC,178.12,0.067610,9326122.0,5074013.0
14593,2018-03-29,AAPL,APPLE INC,167.78,-0.058051,7156363.0,4943282.0
14593,2018-04-30,AAPL,APPLE INC,165.25999,-0.015020,6662564.0,4915138.0
14593,2018-05-31,AAPL,APPLE INC,186.87,0.135181,6211796.0,4915138.0
14593,2018-06-29,AAPL,APPLE INC,185.11,-0.009418,5276132.0,4842917.0
14593,2018-07-31,AAPL,APPLE INC,190.28999,0.027983,3925671.0,4829926.0
14593,2018-08-31,AAPL,APPLE INC,227.63,0.200063,7006518.0,4829926.0
14593,2018-09-28,AAPL,APPLE INC,225.74001,-0.008303,6790750.0,4754986.0
14593,2018-10-31,AAPL,APPLE INC,218.86,-0.030478,7901731.0,4745398.0
14593,2018-11-30,AAPL,APPLE INC,178.58,-0.180709,9614243.0,4745398.0
14593,2018-12-31,AAPL,APPLE INC,157.74001,-0.116698,8989251.0,4729803.0
14593,2019-01-31,AAPL,APPLE INC,166.44,0.055154,8286384.0,4715280.0
14593,2019-02-28,AAPL,APPLE INC,173.14999,0.044701,4728399.0,4715280.0
14593,2019-03-29,AAPL,APPLE INC,189.95,0.097026,6509946.0,4715280.0
14593,2019-04-30,AAPL,APPLE INC,200.67,0.056436,5069258.0,4601075.0
14593,2019-05-31,AAPL,APPLE INC,175.07001,-0.123735,7394492.0,4601075.0
14593,2019-06-28,AAPL,APPLE INC,197.92,0.130519,5161482.0,4531395.0
14593,2019-07-31,AAPL,APPLE INC,213.03999,0.076394,4736504.0,4519180.0
14593,2019-08-30,AAPL,APPLE INC,208.74001,-0.016570,6836722.0,4519180.0
14593,2019-09-30,AAPL,APPLE INC,223.97,0.072962,5472803.0,4443236.0
14593,2019-10-31,AAPL,APPLE INC,248.75999,0.110684,6227831.0,4443265.0
14593,2019-11-29,AAPL,APPLE INC,267.25,0.077424,4495545.0,4443265.0
14593,2019-12-31,AAPL,APPLE INC,293.64999,0.098784,5984993.0,4384959.0
14593,2020-01-31,AAPL,APPLE INC,309.51001,0.054010,7346625.0,4375480.0
14593,2020-02-28,AAPL,APPLE INC,273.35999,-0.114310,7538341.0,4375480.0
14593,2020-03-31,AAPL,APPLE INC,254.28999,-0.069761,15678412.0,4323987.0
14593,2020-04-30,AAPL,APPLE INC,293.79999,0.155374,8151167.0,4334335.0
14593,2020-05-29,AAPL,APPLE INC,317.94,0.084956,7011777.0,4334335.0
14593,2020-06-30,AAPL,APPLE INC,364.79999,0.147386,8095231.0,4283939.0
14593,2020-07-31,AAPL,APPLE INC,425.04001,0.165132,7543023.0,4275634.0
14593,2020-08-31,AAPL,APPLE INC,129.03999,0.216309,11844232.0,17102536.0
14593,2020-08-31,AAPL,APPLE INC,129.03999,0.216309,11844232.0,17102536.0
14593,2020-09-30,AAPL,APPLE INC,115.81,-0.102526,38816274.0,16976763.0
14593,2020-10-30,AAPL,APPLE INC,108.86,-0.060012,28938282.0,17001802.0
14593,2020-11-30,AAPL,APPLE INC,119.05,0.095490,21197000.0,17001802.0
14593,2020-12-31,AAPL,APPLE INC,132.69,0.114574,23205317.0,16823263.0
14593,2021-01-29,AAPL,APPLE INC,131.96001,-0.005502,22434811.0,16788096.0
14593,2021-02-26,AAPL,APPLE INC,121.26,-0.079532,18332944.0,16788096.0
14593,2021-03-31,AAPL,APPLE INC,122.15,0.007340,26489849.0,16686305.0
14593,2021-04-30,AAPL,APPLE INC,131.46001,0.076218,18888744.0,16687631.0
14593,2021-05-28,AAPL,APPLE INC,124.61,-0.050434,17116318.0,16687631.0
14593,2021-06-30,AAPL,APPLE INC,136.96001,0.099109,16058898.0,16556942.0
14593,2021-07-30,AAPL,APPLE INC,145.86,0.064982,19182583.0,16530166.0
14593,2021-08-31,AAPL,APPLE INC,151.83,0.042438,14615956.0,16530166.0
14593,2021-09-30,AAPL,APPLE INC,141.5,-0.068037,17967120.0,16426786.0
14593,2021-10-29,AAPL,APPLE INC,149.8,0.058657,15637134.0,16406397.0
14593,2021-11-30,AAPL,APPLE INC,165.3,0.104940,16900358.0,16406397.0
14593,2021-12-31,AAPL,APPLE INC,177.57001,0.074229,24442196.0,16344923.0
14593,2022-01-31,AAPL,APPLE INC,174.78,-0.015712,21083470.0,16319441.0
14593,2022-02-28,AAPL,APPLE INC,165.12,-0.054011,16150782.0,16319441.0
14593,2022-03-31,AAPL,APPLE INC,174.61,0.057473,21788892.0,16207568.0
14593,2022-04-29,AAPL,APPLE INC,157.64999,-0.097131,16861153.0,16185181.0
14593,2022-05-31,AAPL,APPLE INC,148.84,-0.054424,24000066.0,16185181.0
14593,2022-06-30,AAPL,APPLE INC,136.72,-0.081430,17649177.0,16095378.0
14593,2022-07-29,AAPL,APPLE INC,162.50999,0.188634,14469716.0,16070752.0
14593,2022-08-31,AAPL,APPLE INC,157.22,-0.031137,15086319.0,16070752.0
14593,2022-09-30,AAPL,APPLE INC,138.2,-0.120977,20853206.0,15943425.0
14593,2022-10-31,AAPL,APPLE INC,153.34,0.109551,18666227.0,15908118.0
14593,2022-11-30,AAPL,APPLE INC,148.03,-0.033129,17240790.0,15908118.0
14593,2022-12-30,AAPL,APPLE INC,129.92999,-0.122273,16746278.0,15842407.0
14593,2023-01-31,AAPL,APPLE INC,144.28999,0.110521,14423279.0,15821946.0
14593,2023-02-28,AAPL,APPLE INC,147.41,0.023217,13119369.0,15821946.0
14593,2023-03-31,AAPL,APPLE INC,164.89999,0.118649,15192862.0,15723406.0
14593,2023-04-28,AAPL,APPLE INC,169.67999,0.028987,9696102.0,15728702.0
14593,2023-05-31,AAPL,APPLE INC,177.25,0.046028,12739453.0,15728702.0
14593,2023-06-30,AAPL,APPLE INC,193.97,0.094330,12970839.0,15647868.0
14593,2023-07-31,AAPL,APPLE INC,196.45,0.012785,9955553.0,15634232.0
14593,2023-08-31,AAPL,APPLE INC,187.87,-0.042454,13209699.0,15634232.0
14593,2023-09-29,AAPL,APPLE INC,171.21001,-0.088678,13366036.0,15550061.0
14593,2023-10-31,AAPL,APPLE INC,170.77,-0.002570,11728396.0,15552752.0
14593,2023-11-30,AAPL,APPLE INC,189.95,0.113720,10906725.0,15552752.0
14593,2023-12-29,AAPL,APPLE INC,192.53,0.013583,10520988.0,15460223.0
14593,2024-01-31,AAPL,APPLE INC,184.39999,-0.042227,11805597.0,15441881.0
14593,2024-02-29,AAPL,APPLE INC,180.75,-0.018492,11496409.0,15441881.0
14593,2024-03-28,AAPL,APPLE INC,171.48,-0.051286,14095437.0,15337686.0
14593,2024-04-30,AAPL,APPLE INC,170.33,-0.006706,12275943.0,15334082.0
14593,2024-05-31,AAPL,APPLE INC,192.25,0.130159,13153483.0,15334082.0
14593,2024-06-28,AAPL,APPLE INC,210.62,0.095553,16973587.0,15222259.0
14593,2024-07-31,AAPL,APPLE INC,222.08,0.054411,11384300.0,15204137.0
14593,2024-08-30,AAPL,APPLE INC,229.0,0.032286,11124182.0,15204137.0
14593,2024-09-30,AAPL,APPLE INC,233.0,0.017467,12198770.0,15116786.0
14593,2024-10-31,AAPL,APPLE INC,225.91,-0.030429,9219733.0,15115823.0
14593,2024-11-29,AAPL,APPLE INC,237.33,0.051658,8852284.0,15115823.0
14593,2024-12-31,AAPL,APPLE INC,250.42,0.055155,9710426.0,15115823.0
19561,2009-12-31,BA,BOEING CO,54.13,0.032818,1034825.0,726599.0
19561,2010-01-29,BA,BOEING CO,60.6,0.119527,1306888.0,726599.0
19561,2010-02-26,BA,BOEING CO,63.16,0.049175,1087531.0,756976.0
19561,2010-03-31,BA,BOEING CO,72.61,0.149620,1638719.0,756976.0
19561,2010-04-30,BA,BOEING CO,72.43,-0.002479,1178726.0,759037.0
19561,2010-05-28,BA,BOEING CO,64.18,-0.108104,1526170.0,759037.0
19561,2010-06-30,BA,BOEING CO,62.75,-0.022281,1419413.0,759037.0
19561,2010-07-30,BA,BOEING CO,68.14,0.085896,1100292.0,731681.0
19561,2010-08-31,BA,BOEING CO,61.13,-0.096713,992459.0,731681.0
19561,2010-09-30,BA,BOEING CO,66.54,0.088500,976772.0,731681.0
19561,2010-10-29,BA,BOEING CO,70.64,0.061617,976017.0,733580.0
19561,2010-11-30,BA,BOEING CO,63.77,-0.091308,1501129.0,733580.0
19561,2010-12-31,BA,BOEING CO,65.26,0.023365,1039470.0,733580.0
19561,2011-01-31,BA,BOEING CO,69.48,0.064664,1287345.0,733580.0
19561,2011-02-28,BA,BOEING CO,72.01,0.042458,917314.0,736296.0
19561,2011-03-31,BA,BOEING CO,73.93,0.026663,1198694.0,737072.0
19561,2011-04-29,BA,BOEING CO,79.78,0.079129,951939.0,738275.0
19561,2011-05-31,BA,BOEING CO,78.03,-0.016671,875515.0,738275.0
19561,2011-06-30,BA,BOEING CO,73.93,-0.052544,1037613.0,738275.0
19561,2011-07-29,BA,BOEING CO,70.47,-0.046801,1064368.0,741092.0
19561,2011-08-31,BA,BOEING CO,66.86,-0.045267,1949409.0,741092.0
19561,2011-09-30,BA,BOEING CO,60.51,-0.094975,1247743.0,741092.0
19561,2011-10-31,BA,BOEING CO,65.79,0.087258,1274533.0,743234.0
19561,2011-11-30,BA,BOEING CO,68.69,0.050464,1146154.0,743234.0
19561,2011-12-30,BA,BOEING CO,73.35,0.067841,1165742.0,743234.0
19561,2012-01-31,BA,BOEING CO,74.18,0.011316,1037972.0,743234.0
19561,2012-02-29,BA,BOEING CO,74.95,0.016312,843434.0,745721.0
19561,2012-03-30,BA,BOEING CO,74.37,-0.007738,896385.0,747834.0
19561,2012-04-30,BA,BOEING CO,76.8,0.032674,850001.0,749049.0
19561,2012-05-31,BA,BOEING CO,69.61,-0.087891,880954.0,749049.0
19561,2012-06-29,BA,BOEING CO,74.3,0.067375,884562.0,749049.0
19561,2012-07-31,BA,BOEING CO,73.91,-0.005249,869711.0,751798.0
19561,2012-08-31,BA,BOEING CO,71.4,-0.028007,858018.0,751798.0
19561,2012-09-28,BA,BOEING CO,69.595,-0.025280,1030909.0,751798.0
19561,2012-10-31,BA,BOEING CO,70.44,0.012142,921005.0,754077.0
19561,2012-11-30,BA,BOEING CO,74.28,0.060761,1016159.0,754077.0
19561,2012-12-31,BA,BOEING CO,75.36,0.014540,900539.0,754077.0
19561,2013-01-31,BA,BOEING CO,73.87,-0.019772,1918426.0,754077.0
19561,2013-02-28,BA,BOEING CO,76.9,0.047584,1014525.0,756166.0
19561,2013-03-28,BA,BOEING CO,85.85,0.116385,1054279.0,757310.0
19561,2013-04-30,BA,BOEING CO,91.41,0.064764,1063989.0,758681.0
19561,2013-05-31,BA,BOEING CO,99.02,0.088557,1116335.0,758681.0
19561,2013-06-28,BA,BOEING CO,102.44,0.034539,997383.0,758681.0
19561,2013-07-31,BA,BOEING CO,105.1,0.025966,1528475.0,754444.0
19561,2013-08-30,BA,BOEING CO,103.92,-0.006613,798303.0,754444.0
19561,2013-09-30,BA,BOEING CO,117.5,0.130677,893384.0,754444.0
19561,2013-10-31,BA,BOEING CO,130.5,0.110638,1021095.0,751453.0
19561,2013-11-29,BA,BOEING CO,134.25,0.032452,882800.0,751453.0
19561,2013-12-31,BA,BOEING CO,136.49001,0.016685,787013.0,751453.0
19561,2014-01-31,BA,BOEING CO,125.26,-0.082277,1142579.0,751453.0
19561,2014-02-28,BA,BOEING CO,128.92,0.035047,1201033.0,743405.0
19561,2014-03-31,BA,BOEING CO,125.49,-0.026606,978387.0,737077.0
19561,2014-04-30,BA,BOEING CO,129.02,0.028130,779880.0,729225.0
19561,2014-05-30,BA,BOEING CO,135.25,0.053945,615281.0,729225.0
19561,2014-06-30,BA,BOEING CO,127.23,-0.059298,787896.0,729225.0
19561,2014-07-31,BA,BOEING CO,120.48,-0.053054,1118657.0,720613.0
19561,2014-08-29,BA,BOEING CO,126.8,0.058516,793155.0,720613.0
19561,2014-09-30,BA,BOEING CO,127.38,0.004574,754179.0,720613.0
19561,2014-10-31,BA,BOEING CO,124.91,-0.019391,1074977.0,712930.0
19561,2014-11-28,BA,BOEING CO,134.36,0.081499,724232.0,712930.0
19561,2014-12-31,BA,BOEING CO,129.98,-0.032599,968713.0,712930.0
19561,2015-01-30,BA,BOEING CO,145.37,0.118403,1091006.0,712930.0
19561,2015-02-27,BA,BOEING CO,150.85001,0.043957,925354.0,704388.0
19561,2015-03-31,BA,BOEING CO,150.08,-0.005104,816078.0,699842.0
19561,2015-04-30,BA,BOEING CO,143.34,-0.044909,845092.0,691517.0
19561,2015-05-29,BA,BOEING CO,140.52,-0.013325,793069.0,691517.0
19561,2015-06-30,BA,BOEING CO,138.72,-0.012810,704632.0,691517.0
19561,2015-07-31,BA,BOEING CO,144.17,0.039288,701387.0,679495.0
19561,2015-08-31,BA,BOEING CO,130.67999,-0.087258,928450.0,679495.0
19561,2015-09-30,BA,BOEING CO,130.95,0.002066,812916.0,679495.0
19561,2015-10-30,BA,BOEING CO,148.07001,0.130737,921496.0,669984.0
19561,2015-11-30,BA,BOEING CO,145.45,-0.011549,528946.0,669984.0
19561,2015-12-31,BA,BOEING CO,144.59,-0.005913,797032.0,669984.0
19561,2016-01-29,BA,BOEING CO,120.13,-0.169168,1358692.0,669984.0
19561,2016-02-29,BA,BOEING CO,118.18,-0.007159,1531973.0,662504.0
19561,2016-03-31,BA,BOEING CO,126.94,0.074124,1078571.0,651056.0
19561,2016-04-29,BA,BOEING CO,134.8,0.061919,961945.0,637011.0
19561,2016-05-31,BA,BOEING CO,126.15,-0.056083,822717.0,637011.0
19561,2016-06-30,BA,BOEING CO,129.87,0.029489,1027560.0,637011.0
19561,2016-07-29,BA,BOEING CO,133.66,0.029183,761514.0,623826.0
19561,2016-08-31,BA,BOEING CO,129.45,-0.023343,614806.0,623826.0
19561,2016-09-30,BA,BOEING CO,131.74001,0.017690,715705.0,623826.0
19561,2016-10-31,BA,BOEING CO,142.42999,0.081145,809814.0,617166.0
19561,2016-11-30,BA,BOEING CO,150.56,0.064734,739716.0,617166.0
19561,2016-12-30,BA,BOEING CO,155.67999,0.034006,633876.0,617166.0
19561,2017-01-31,BA,BOEING CO,163.42,0.049717,733790.0,617166.0
19561,2017-02-28,BA,BOEING CO,180.23,0.111553,673205.0,612479.0
19561,2017-03-31,BA,BOEING CO,176.86,-0.018698,713524.0,608085.0
19561,2017-04-28,BA,BOEING CO,184.83,0.045064,521778.0,603581.0
19561,2017-05-31,BA,BOEING CO,187.63,0.022832,660237.0,603581.0
19561,2017-06-30,BA,BOEING CO,197.75,0.053936,646068.0,603581.0
19561,2017-07-31,BA,BOEING CO,242.46001,0.226094,751763.0,591083.0
19561,2017-08-31,BA,BOEING CO,239.66,-0.005692,845251.0,591083.0
19561,2017-09-29,BA,BOEING CO,254.21001,0.060711,767462.0,591083.0
19561,2017-10-31,BA,BOEING CO,257.98001,0.014830,687734.0,595579.0
19561,2017-11-30,BA,BOEING CO,276.79999,0.078456,527524.0,595579.0
19561,2017-12-29,BA,BOEING CO,294.91,0.065426,715208.0,595579.0
19561,2018-01-31,BA,BOEING CO,354.37,0.201621,1259454.0,595579.0
19561,2018-02-28,BA,BOEING CO,362.20999,0.026949,1160970.0,588490.0
19561,2018-03-29,BA,BOEING CO,327.88,-0.094779,1385877.0,587224.0
19561,2018-04-30,BA,BOEING CO,333.56,0.017323,1038315.0,582581.0
19561,2018-05-31,BA,BOEING CO,352.16,0.060889,857128.0,582581.0
19561,2018-06-29,BA,BOEING CO,335.51001,-0.047280,845443.0,582581.0
19561,2018-07-31,BA,BOEING CO,356.29999,0.061965,602616.0,574508.0
19561,2018-08-31,BA,BOEING CO,342.79001,-0.033118,629727.0,574508.0
19561,2018-09-28,BA,BOEING CO,371.89999,0.084921,645307.0,574508.0
19561,2018-10-31,BA,BOEING CO,354.85999,-0.045819,1002646.0,567885.0
19561,2018-11-30,BA,BOEING CO,346.76001,-0.018007,854479.0,567885.0
19561,2018-12-31,BA,BOEING CO,322.5,-0.069962,911681.0,567885.0
19561,2019-01-31,BA,BOEING CO,385.62,0.195721,907879.0,567885.0
19561,2019-02-28,BA,BOEING CO,439.95999,0.146245,768827.0,564985.0
19561,2019-03-29,BA,BOEING CO,381.42001,-0.133058,2567694.0,564482.0
19561,2019-04-30,BA,BOEING CO,377.69,-0.009779,1414084.0,562630.0
19561,2019-05-31,BA,BOEING CO,341.60999,-0.090087,1028035.0,562630.0
19561,2019-06-28,BA,BOEING CO,364.01001,0.065572,808307.0,562630.0
19561,2019-07-31,BA,BOEING CO,341.17999,-0.062718,1041926.0,562710.0
19561,2019-08-30,BA,BOEING CO,364.09,0.073173,959160.0,562710.0
19561,2019-09-30,BA,BOEING CO,380.47,0.044989,793806.0,562710.0
19561,2019-10-31,BA,BOEING CO,339.91,-0.106605,1128011.0,562791.0
19561,2019-11-29,BA,BOEING CO,366.17999,0.083331,867920.0,562791.0
19561,2019-12-31,BA,BOEING CO,325.76001,-0.110383,1278087.0,562791.0
19561,2020-01-31,BA,BOEING CO,318.26999,-0.022992,1816596.0,563152.0
19561,2020-02-28,BA,BOEING CO,275.10999,-0.129151,1183158.0,563152.0
19561,2020-03-31,BA,BOEING CO,149.14,-0.457890,7440495.0,564226.0
19561,2020-04-30,BA,BOEING CO,141.02,-0.054445,8193163.0,564325.0
19561,2020-05-29,BA,BOEING CO,145.85001,0.034250,6120838.0,564325.0
19561,2020-06-30,BA,BOEING CO,183.3,0.256771,14652446.0,564325.0
19561,2020-07-31,BA,BOEING CO,158.0,-0.138025,8026466.0,564449.0
19561,2020-08-31,BA,BOEING CO,171.82001,0.087468,6247571.0,564449.0
19561,2020-09-30,BA,BOEING CO,165.25999,-0.038180,4644053.0,564449.0
19561,2020-10-30,BA,BOEING CO,144.39,-0.126286,4220200.0,564530.0
19561,2020-11-30,BA,BOEING CO,210.71001,0.459312,5267708.0,564530.0
19561,2020-12-31,BA,BOEING CO,214.06,0.015899,4094760.0,564530.0
19561,2021-01-29,BA,BOEING CO,194.19,-0.092824,2577624.0,564530.0
19561,2021-02-26,BA,BOEING CO,212.00999,0.091766,2441493.0,582997.0
19561,2021-03-31,BA,BOEING CO,254.72,0.201453,5185977.0,583640.0
19561,2021-04-30,BA,BOEING CO,234.31,-0.080127,2608796.0,584810.0
19561,2021-05-28,BA,BOEING CO,247.02,0.054244,2584297.0,584810.0
19561,2021-06-30,BA,BOEING CO,239.56,-0.030200,2632797.0,584810.0
19561,2021-07-30,BA,BOEING CO,226.48,-0.054600,2724038.0,586152.0
19561,2021-08-31,BA,BOEING CO,219.5,-0.030819,1879631.0,586152.0
19561,2021-09-30,BA,BOEING CO,219.94,0.002005,1940326.0,586152.0
19561,2021-10-29,BA,BOEING CO,207.03,-0.058698,1715544.0,587699.0
19561,2021-11-30,BA,BOEING CO,197.85001,-0.044341,2226289.0,587699.0
19561,2021-12-31,BA,BOEING CO,201.32001,0.017539,2127696.0,587699.0
19561,2022-01-31,BA,BOEING CO,200.24001,-0.005365,2191318.0,588917.0
19561,2022-02-28,BA,BOEING CO,205.34,0.025469,1673138.0,583000.0
19561,2022-03-31,BA,BOEING CO,191.5,-0.067400,2436601.0,590385.0
19561,2022-04-29,BA,BOEING CO,148.84,-0.222768,1824483.0,590385.0
19561,2022-05-31,BA,BOEING CO,131.39999,-0.117173,2292366.0,591636.0
19561,2022-06-30,BA,BOEING CO,136.72,0.040487,2393479.0,591636.0
19561,2022-07-29,BA,BOEING CO,159.31,0.165228,1839090.0,591636.0
19561,2022-08-31,BA,BOEING CO,160.25,0.005900,1441776.0,593811.0
19561,2022-09-30,BA,BOEING CO,121.08,-0.244431,1515206.0,593811.0
19561,2022-10-31,BA,BOEING CO,142.50999,0.176990,1670759.0,595983.0
19561,2022-11-30,BA,BOEING CO,178.88,0.255210,1621754.0,595983.0
19561,2022-12-30,BA,BOEING CO,190.49001,0.064904,1416726.0,595983.0
19561,2023-01-31,BA,BOEING CO,213.0,0.118169,1482828.0,598240.0
19561,2023-02-28,BA,BOEING CO,201.55,-0.053756,1044446.0,598240.0
19561,2023-03-31,BA,BOEING CO,212.42999,0.053982,1388221.0,598240.0
19561,2023-04-28,BA,BOEING CO,206.78,-0.026597,1101921.0,601594.0
19561,2023-05-31,BA,BOEING CO,205.7,-0.005223,969043.0,601594.0
19561,2023-06-30,BA,BOEING CO,211.16,0.026544,1309713.0,601594.0
19561,2023-07-31,BA,BOEING CO,238.85001,0.131133,1257947.0,603204.0
19561,2023-08-31,BA,BOEING CO,224.03,-0.062047,1035094.0,603204.0
19561,2023-09-29,BA,BOEING CO,191.67999,-0.144400,874542.0,603204.0
19561,2023-10-31,BA,BOEING CO,186.82001,-0.025355,1329509.0,604977.0
19561,2023-11-30,BA,BOEING CO,231.63,0.239857,1192834.0,604977.0
19561,2023-12-29,BA,BOEING CO,260.66,0.125329,1202159.0,604977.0
19561,2024-01-31,BA,BOEING CO,211.03999,-0.190363,3195420.0,604977.0
19561,2024-02-29,BA,BOEING CO,203.72,-0.034685,1296637.0,610135.0
19561,2024-03-28,BA,BOEING CO,192.99001,-0.052670,1864074.0,610135.0
19561,2024-04-30,BA,BOEING CO,167.84,-0.130318,1708462.0,613884.0
19561,2024-05-31,BA,BOEING CO,177.61,0.058210,1384544.0,613884.0
19561,2024-06-28,BA,BOEING CO,182.00999,0.024773,1161598.0,613884.0
19561,2024-07-31,BA,BOEING CO,190.60001,0.047195,1295439.0,615473.0
19561,2024-08-30,BA,BOEING CO,173.74001,-0.088458,1285823.0,616167.0
19561,2024-09-30,BA,BOEING CO,152.03999,-0.124899,1919092.0,616167.0
19561,2024-10-31,BA,BOEING CO,149.31,-0.017956,3390690.0,747576.0
19561,2024-11-29,BA,BOEING CO,155.44,0.041056,2696112.0,747576.0
19561,2024-12-31,BA,BOEING CO,177.0,0.138703,2383931.0,748176.0
84262,2009-12-31,STLD,STEEL DYNAMICS INC,17.72,0.051714,1372063.0,181820.0
84262,2010-01-29,STLD,STEEL DYNAMICS INC,15.18,-0.143341,1340965.0,181820.0
84262,2010-02-26,STLD,STEEL DYNAMICS INC,16.33,0.075758,1310835.0,216334.0
84262,2010-03-31,STLD,STEEL DYNAMICS INC,17.47,0.074403,1017370.0,216437.0
84262,2010-04-30,STLD,STEEL DYNAMICS INC,15.72,-0.100172,1264802.0,216437.0
84262,2010-05-28,STLD,STEEL DYNAMICS INC,14.67,-0.066794,1461274.0,216535.0
84262,2010-06-30,STLD,STEEL DYNAMICS INC,13.19,-0.095774,1305342.0,216806.0
84262,2010-07-30,STLD,STEEL DYNAMICS INC,14.32,0.085671,1071274.0,216837.0
84262,2010-08-31,STLD,STEEL DYNAMICS INC,13.67,-0.045391,563261.0,216837.0
84262,2010-09-30,STLD,STEEL DYNAMICS INC,14.11,0.037674,833322.0,216994.0
84262,2010-10-29,STLD,STEEL DYNAMICS INC,14.54,0.030475,880272.0,217051.0
84262,2010-11-30,STLD,STEEL DYNAMICS INC,15.97,0.098349,800919.0,217051.0
84262,2010-12-31,STLD,STEEL DYNAMICS INC,18.3,0.150595,850497.0,217575.0
84262,2011-01-31,STLD,STEEL DYNAMICS INC,18.2,-0.005464,889050.0,217575.0
84262,2011-02-28,STLD,STEEL DYNAMICS INC,18.46,0.014286,782348.0,217930.0
84262,2011-03-31,STLD,STEEL DYNAMICS INC,18.77,0.022210,942851.0,218304.0
84262,2011-04-29,STLD,STEEL DYNAMICS INC,18.19,-0.030900,731062.0,218414.0
84262,2011-05-31,STLD,STEEL DYNAMICS INC,17.1,-0.059923,744326.0,218414.0
84262,2011-06-30,STLD,STEEL DYNAMICS INC,16.25,-0.043860,833692.0,218649.0
84262,2011-07-29,STLD,STEEL DYNAMICS INC,15.62,-0.038769,597857.0,218672.0
84262,2011-08-31,STLD,STEEL DYNAMICS INC,12.73,-0.185019,935038.0,218672.0
84262,2011-09-30,STLD,STEEL DYNAMICS INC,9.92,-0.212883,889310.0,218690.0
84262,2011-10-31,STLD,STEEL DYNAMICS INC,12.49,0.259073,1000858.0,218694.0
84262,2011-11-30,STLD,STEEL DYNAMICS INC,13.18,0.055244,797867.0,218694.0
84262,2011-12-30,STLD,STEEL DYNAMICS INC,13.15,0.005311,565891.0,218874.0
84262,2012-01-31,STLD,STEEL DYNAMICS INC,15.95,0.212928,676479.0,218874.0
84262,2012-02-29,STLD,STEEL DYNAMICS INC,14.81,-0.071473,711885.0,219035.0
84262,2012-03-30,STLD,STEEL DYNAMICS INC,14.54,-0.011479,680067.0,219074.0
84262,2012-04-30,STLD,STEEL DYNAMICS INC,12.78,-0.121045,581758.0,219085.0
84262,2012-05-31,STLD,STEEL DYNAMICS INC,10.54,-0.175274,678126.0,219085.0
84262,2012-06-29,STLD,STEEL DYNAMICS INC,11.72,0.121442,769006.0,219155.0
84262,2012-07-31,STLD,STEEL DYNAMICS INC,12.89,0.099829,692779.0,219167.0
84262,2012-08-31,STLD,STEEL DYNAMICS INC,12.22,-0.051978,576102.0,219167.0
84262,2012-09-28,STLD,STEEL DYNAMICS INC,11.24,-0.072013,649270.0,219229.0
84262,2012-10-31,STLD,STEEL DYNAMICS INC,12.64,0.124555,604090.0,219243.0
84262,2012-11-30,STLD,STEEL DYNAMICS INC,12.92,0.022152,520009.0,219243.0
84262,2012-12-31,STLD,STEEL DYNAMICS INC,13.73,0.070433,423719.0,219523.0
84262,2013-01-31,STLD,STEEL DYNAMICS INC,15.21,0.107793,578097.0,219523.0
84262,2013-02-28,STLD,STEEL DYNAMICS INC,15.27,0.003945,503243.0,220115.0
84262,2013-03-28,STLD,STEEL DYNAMICS INC,15.875,0.046824,599316.0,220333.0
84262,2013-04-30,STLD,STEEL DYNAMICS INC,15.04,-0.052598,615586.0,220400.0
84262,2013-05-31,STLD,STEEL DYNAMICS INC,15.35,0.020612,456702.0,220400.0
84262,2013-06-28,STLD,STEEL DYNAMICS INC,14.91,-0.021498,466135.0,220666.0
84262,2013-07-31,STLD,STEEL DYNAMICS INC,15.56,0.043595,400650.0,220795.0
84262,2013-08-30,STLD,STEEL DYNAMICS INC,15.26,-0.019280,379416.0,220795.0
84262,2013-09-30,STLD,STEEL DYNAMICS INC,16.72,0.102883,481916.0,221349.0
84262,2013-10-31,STLD,STEEL DYNAMICS INC,17.985,0.075658,479580.0,221984.0
84262,2013-11-29,STLD,STEEL DYNAMICS INC,18.22,0.013066,397917.0,221984.0
84262,2013-12-31,STLD,STEEL DYNAMICS INC,19.54,0.078485,368631.0,222867.0
84262,2014-01-31,STLD,STEEL DYNAMICS INC,16.5,-0.155578,589449.0,222867.0
84262,2014-02-28,STLD,STEEL DYNAMICS INC,17.44,0.056970,516016.0,223005.0
84262,2014-03-31,STLD,STEEL DYNAMICS INC,17.79,0.026663,513927.0,223173.0
84262,2014-04-30,STLD,STEEL DYNAMICS INC,18.27,0.026981,659266.0,223375.0
84262,2014-05-30,STLD,STEEL DYNAMICS INC,17.27,-0.054735,421038.0,223375.0
84262,2014-06-30,STLD,STEEL DYNAMICS INC,17.95,0.046034,634835.0,239621.0
84262,2014-07-31,STLD,STEEL DYNAMICS INC,21.21,0.181616,974759.0,240040.0
84262,2014-08-29,STLD,STEEL DYNAMICS INC,23.24,0.095710,668269.0,240040.0
84262,2014-09-30,STLD,STEEL DYNAMICS INC,22.61,-0.022160,751489.0,240365.0
84262,2014-10-31,STLD,STEEL DYNAMICS INC,23.01,0.017691,1188181.0,240416.0
84262,2014-11-28,STLD,STEEL DYNAMICS INC,22.54,-0.020426,464980.0,240416.0
84262,2014-12-31,STLD,STEEL DYNAMICS INC,19.74,-0.119122,743458.0,241449.0
84262,2015-01-30,STLD,STEEL DYNAMICS INC,17.04,-0.136778,858221.0,241449.0
84262,2015-02-27,STLD,STEEL DYNAMICS INC,18.22,0.069249,716070.0,241530.0
84262,2015-03-31,STLD,STEEL DYNAMICS INC,20.1,0.110730,873798.0,241688.0
84262,2015-04-30,STLD,STEEL DYNAMICS INC,22.13,0.100995,790528.0,241804.0
84262,2015-05-29,STLD,STEEL DYNAMICS INC,21.81,-0.014460,462785.0,241804.0
84262,2015-06-30,STLD,STEEL DYNAMICS INC,20.715,-0.043902,529982.0,242055.0
84262,2015-07-31,STLD,STEEL DYNAMICS INC,20.03,-0.033068,786785.0,242063.0
84262,2015-08-31,STLD,STEEL DYNAMICS INC,19.48,-0.027459,580993.0,242063.0
84262,2015-09-30,STLD,STEEL DYNAMICS INC,17.18,-0.111011,698469.0,242090.0
84262,2015-10-30,STLD,STEEL DYNAMICS INC,18.47,0.075087,706687.0,242124.0
84262,2015-11-30,STLD,STEEL DYNAMICS INC,17.39,-0.058473,537813.0,242124.0
84262,2015-12-31,STLD,STEEL DYNAMICS INC,17.87,0.035509,652319.0,243090.0
84262,2016-01-29,STLD,STEEL DYNAMICS INC,18.35,0.026861,815980.0,243090.0
84262,2016-02-29,STLD,STEEL DYNAMICS INC,18.19,-0.008719,679631.0,243187.0
84262,2016-03-31,STLD,STEEL DYNAMICS INC,22.51,0.245190,752862.0,243501.0
84262,2016-04-29,STLD,STEEL DYNAMICS INC,25.21,0.119947,775045.0,243572.0
84262,2016-05-31,STLD,STEEL DYNAMICS INC,24.69,-0.020627,834068.0,243572.0
84262,2016-06-30,STLD,STEEL DYNAMICS INC,24.5,-0.002025,824008.0,243745.0
84262,2016-07-29,STLD,STEEL DYNAMICS INC,26.82,0.094694,692340.0,243745.0
84262,2016-08-31,STLD,STEEL DYNAMICS INC,24.62,-0.082028,520143.0,243761.0
84262,2016-09-30,STLD,STEEL DYNAMICS INC,24.99,0.020715,665814.0,243771.0
84262,2016-10-31,STLD,STEEL DYNAMICS INC,27.46,0.098840,788124.0,243771.0
84262,2016-11-30,STLD,STEEL DYNAMICS INC,35.48,0.292061,956800.0,243815.0
84262,2016-12-30,STLD,STEEL DYNAMICS INC,35.58,0.006764,678060.0,243785.0
84262,2017-01-31,STLD,STEEL DYNAMICS INC,33.81,-0.049747,906203.0,243785.0
84262,2017-02-28,STLD,STEEL DYNAMICS INC,36.6,0.082520,674107.0,242350.0
84262,2017-03-31,STLD,STEEL DYNAMICS INC,34.76,-0.046038,687103.0,242111.0
84262,2017-04-28,STLD,STEEL DYNAMICS INC,36.14,0.039701,585483.0,242111.0
84262,2017-05-31,STLD,STEEL DYNAMICS INC,33.99,-0.059491,772199.0,241787.0
84262,2017-06-30,STLD,STEEL DYNAMICS INC,35.81,0.058105,697251.0,239873.0
84262,2017-07-31,STLD,STEEL DYNAMICS INC,35.41,-0.011170,576837.0,239873.0
84262,2017-08-31,STLD,STEEL DYNAMICS INC,34.45,-0.027111,539870.0,239873.0
84262,2017-09-29,STLD,STEEL DYNAMICS INC,34.47,0.005080,589493.0,236952.0
84262,2017-10-31,STLD,STEEL DYNAMICS INC,37.21,0.079489,638105.0,236952.0
84262,2017-11-30,STLD,STEEL DYNAMICS INC,38.5,0.034668,446141.0,236952.0
84262,2017-12-29,STLD,STEEL DYNAMICS INC,43.13,0.124286,524617.0,237397.0
84262,2018-01-31,STLD,STEEL DYNAMICS INC,45.4,0.052632,528559.0,237397.0
84262,2018-02-28,STLD,STEEL DYNAMICS INC,46.25,0.018722,533887.0,236071.0
84262,2018-03-29,STLD,STEEL DYNAMICS INC,44.22,-0.039838,602865.0,236096.0
84262,2018-04-30,STLD,STEEL DYNAMICS INC,44.81,0.013342,482743.0,236096.0
84262,2018-05-31,STLD,STEEL DYNAMICS INC,49.43,0.103102,423243.0,235934.0
84262,2018-06-29,STLD,STEEL DYNAMICS INC,45.95,-0.066609,497092.0,235096.0
84262,2018-07-31,STLD,STEEL DYNAMICS INC,47.09,0.024810,338104.0,235096.0
84262,2018-08-31,STLD,STEEL DYNAMICS INC,45.73,-0.028881,406950.0,234786.0
84262,2018-09-28,STLD,STEEL DYNAMICS INC,45.19,-0.007708,419172.0,233422.0
84262,2018-10-31,STLD,STEEL DYNAMICS INC,39.6,-0.123700,769830.0,233422.0
84262,2018-11-30,STLD,STEEL DYNAMICS INC,35.2,-0.111111,486079.0,229552.0
84262,2018-12-31,STLD,STEEL DYNAMICS INC,30.04,-0.141264,620015.0,225272.0
84262,2019-01-31,STLD,STEEL DYNAMICS INC,36.59,0.218043,503075.0,225272.0
84262,2019-02-28,STLD,STEEL DYNAMICS INC,37.32,0.019951,392893.0,224105.0
84262,2019-03-29,STLD,STEEL DYNAMICS INC,35.27,-0.048499,413303.0,222931.0
84262,2019-04-30,STLD,STEEL DYNAMICS INC,31.68,-0.101786,456355.0,222931.0
84262,2019-05-31,STLD,STEEL DYNAMICS INC,25.15,-0.206124,516501.0,222245.0
84262,2019-06-28,STLD,STEEL DYNAMICS INC,30.2,0.210338,747914.0,219798.0
84262,2019-07-31,STLD,STEEL DYNAMICS INC,31.51,0.043377,543179.0,219798.0
84262,2019-08-30,STLD,STEEL DYNAMICS INC,27.0,-0.143129,446482.0,219613.0
84262,2019-09-30,STLD,STEEL DYNAMICS INC,29.8,0.112593,488068.0,215741.0
84262,2019-10-31,STLD,STEEL DYNAMICS INC,30.36,0.018792,466356.0,215452.0
84262,2019-11-29,STLD,STEEL DYNAMICS INC,33.73,0.111001,374937.0,215452.0
84262,2019-12-31,STLD,STEEL DYNAMICS INC,34.04,0.016306,396516.0,214503.0
84262,2020-01-31,STLD,STEEL DYNAMICS INC,29.88,-0.122209,450704.0,214503.0
84262,2020-02-28,STLD,STEEL DYNAMICS INC,26.63,-0.108768,414121.0,213554.0
84262,2020-03-31,STLD,STEEL DYNAMICS INC,22.54,-0.144198,813015.0,210339.0
84262,2020-04-30,STLD,STEEL DYNAMICS INC,24.27,0.076752,482288.0,210339.0
84262,2020-05-29,STLD,STEEL DYNAMICS INC,26.56,0.094355,410970.0,210332.0
84262,2020-06-30,STLD,STEEL DYNAMICS INC,26.09,-0.008283,459046.0,210365.0
84262,2020-07-31,STLD,STEEL DYNAMICS INC,27.41,0.050594,369309.0,210365.0
84262,2020-08-31,STLD,STEEL DYNAMICS INC,29.52,0.076979,272788.0,210365.0
84262,2020-09-30,STLD,STEEL DYNAMICS INC,28.63,-0.021680,408892.0,210366.0
84262,2020-10-30,STLD,STEEL DYNAMICS INC,31.48,0.099546,435824.0,210366.0
84262,2020-11-30,STLD,STEEL DYNAMICS INC,36.21,0.150254,374905.0,210366.0
84262,2020-12-31,STLD,STEEL DYNAMICS INC,36.87,0.025131,367787.0,210914.0
84262,2021-01-29,STLD,STEEL DYNAMICS INC,34.27,-0.070518,442913.0,210914.0
84262,2021-02-26,STLD,STEEL DYNAMICS INC,41.58,0.213306,313856.0,211005.0
84262,2021-03-31,STLD,STEEL DYNAMICS INC,50.76,0.227032,648892.0,211219.0
84262,2021-04-30,STLD,STEEL DYNAMICS INC,54.22,0.068164,439952.0,211219.0
84262,2021-05-28,STLD,STEEL DYNAMICS INC,62.43,0.151420,560428.0,211219.0
84262,2021-06-30,STLD,STEEL DYNAMICS INC,59.6,-0.041166,488404.0,205307.0
84262,2021-07-30,STLD,STEEL DYNAMICS INC,64.45,0.081376,432537.0,204114.0
84262,2021-08-31,STLD,STEEL DYNAMICS INC,67.49,0.047168,429189.0,204114.0
84262,2021-09-30,STLD,STEEL DYNAMICS INC,58.48,-0.129649,469766.0,199779.0
84262,2021-10-29,STLD,STEEL DYNAMICS INC,66.08,0.129959,418044.0,198451.0
84262,2021-11-30,STLD,STEEL DYNAMICS INC,59.8,-0.095036,357812.0,198451.0
84262,2021-12-31,STLD,STEEL DYNAMICS INC,62.07,0.042308,371819.0,194998.0
84262,2022-01-31,STLD,STEEL DYNAMICS INC,55.52,-0.105526,521352.0,194998.0
84262,2022-02-28,STLD,STEEL DYNAMICS INC,70.58,0.271254,402088.0,191299.0
84262,2022-03-31,STLD,STEEL DYNAMICS INC,83.43,0.186880,615437.0,189247.0
84262,2022-04-29,STLD,STEEL DYNAMICS INC,85.75,0.027808,414645.0,188690.0
84262,2022-05-31,STLD,STEEL DYNAMICS INC,85.38,-0.004315,498053.0,188690.0
84262,2022-06-30,STLD,STEEL DYNAMICS INC,66.15,-0.221246,462768.0,182611.0
84262,2022-07-29,STLD,STEEL DYNAMICS INC,77.88,0.177324,359382.0,182611.0
84262,2022-08-31,STLD,STEEL DYNAMICS INC,80.72,0.036466,354684.0,182611.0
84262,2022-09-30,STLD,STEEL DYNAMICS INC,70.95,-0.116824,382802.0,176564.0
84262,2022-10-31,STLD,STEEL DYNAMICS INC,94.05,0.325581,386615.0,175571.0
84262,2022-11-30,STLD,STEEL DYNAMICS INC,103.93,0.105050,303565.0,175571.0
84262,2022-12-30,STLD,STEEL DYNAMICS INC,97.7,-0.056673,789949.0,172936.0
84262,2023-01-31,STLD,STEEL DYNAMICS INC,120.64,0.234800,353355.0,172936.0
84262,2023-02-28,STLD,STEEL DYNAMICS INC,126.11,0.045342,295630.0,171578.0
84262,2023-03-31,STLD,STEEL DYNAMICS INC,113.06,-0.100111,510645.0,170170.0
84262,2023-04-28,STLD,STEEL DYNAMICS INC,103.95,-0.080577,336311.0,169034.0
84262,2023-05-31,STLD,STEEL DYNAMICS INC,91.9,-0.115921,350192.0,169034.0
84262,2023-06-30,STLD,STEEL DYNAMICS INC,108.93,0.189935,363475.0,166383.0
84262,2023-07-31,STLD,STEEL DYNAMICS INC,106.58,-0.021573,241895.0,165644.0
84262,2023-08-31,STLD,STEEL DYNAMICS INC,106.59,0.000094,276975.0,165644.0
84262,2023-09-29,STLD,STEEL DYNAMICS INC,107.22,0.009898,289354.0,163489.0
84262,2023-10-31,STLD,STEEL DYNAMICS INC,106.51,-0.006622,304852.0,163489.0
84262,2023-11-30,STLD,STEEL DYNAMICS INC,119.13,0.118486,237178.0,161816.0
84262,2023-12-29,STLD,STEEL DYNAMICS INC,118.1,-0.005078,279753.0,160018.0
84262,2024-01-31,STLD,STEEL DYNAMICS INC,120.69,0.021931,283052.0,160018.0
84262,2024-02-29,STLD,STEEL DYNAMICS INC,133.82001,0.108791,226046.0,160018.0
84262,2024-03-28,STLD,STEEL DYNAMICS INC,148.23,0.111119,230907.0,157879.0
84262,2024-04-30,STLD,STEEL DYNAMICS INC,130.12,-0.122175,243295.0,157879.0
84262,2024-05-31,STLD,STEEL DYNAMICS INC,133.87,0.028820,235682.0,157133.0
84262,2024-06-28,STLD,STEEL DYNAMICS INC,129.5,-0.029207,288511.0,155618.0
84262,2024-07-31,STLD,STEEL DYNAMICS INC,133.22,0.028726,279997.0,155618.0
84262,2024-08-30,STLD,STEEL DYNAMICS INC,119.51,-0.102912,238801.0,154303.0
84262,2024-09-30,STLD,STEEL DYNAMICS INC,126.08,0.058824,338214.0,153042.0
84262,2024-10-31,STLD,STEEL DYNAMICS INC,130.5,0.035057,257998.0,153042.0
84262,2024-11-29,STLD,STEEL DYNAMICS INC,145.27,0.113180,282202.0,152245.0
84262,2024-12-31,STLD,STEEL DYNAMICS INC,114.07,-0.211606,309368.0,152245.0
86580,2009-12-31,NVDA,NVIDIA CORP,18.68,0.430322,4118160.0,554900.0
86580,2010-01-29,NVDA,NVIDIA CORP,15.39,-0.176124,3245533.0,561466.0
86580,2010-02-26,NVDA,NVIDIA CORP,16.2,0.052632,3234744.0,561466.0
86580,2010-03-31,NVDA,NVIDIA CORP,17.4,0.074074,2958612.0,569017.0
86580,2010-04-30,NVDA,NVIDIA CORP,15.71,-0.097126,4301220.0,572200.0
86580,2010-05-28,NVDA,NVIDIA CORP,13.14,-0.163590,5229674.0,572200.0
86580,2010-06-30,NVDA,NVIDIA CORP,10.21,-0.222983,3444393.0,572200.0
86580,2010-07-30,NVDA,NVIDIA CORP,9.19,-0.099902,4824753.0,574000.0
86580,2010-08-31,NVDA,NVIDIA CORP,9.325,0.014690,4869847.0,574000.0
86580,2010-09-30,NVDA,NVIDIA CORP,11.682,0.252761,4401523.0,574000.0
86580,2010-10-29,NVDA,NVIDIA CORP,12.0205,0.028976,3970836.0,581000.0
86580,2010-11-30,NVDA,NVIDIA CORP,13.609,0.132149,3655382.0,581000.0
86580,2010-12-31,NVDA,NVIDIA CORP,15.4,0.131604,2820086.0,581000.0
86580,2011-01-31,NVDA,NVIDIA CORP,23.92,0.553247,8237747.0,588556.0
86580,2011-02-28,NVDA,NVIDIA CORP,22.66,-0.052676,6054030.0,588556.0
86580,2011-03-31,NVDA,NVIDIA CORP,18.46,-0.185349,6962759.0,595125.0
86580,2011-04-29,NVDA,NVIDIA CORP,20.0,0.083424,3864174.0,600288.0
86580,2011-05-31,NVDA,NVIDIA CORP,20.04,0.002000,4328987.0,600288.0
86580,2011-06-30,NVDA,NVIDIA CORP,15.935,-0.204840,4027177.0,600288.0
86580,2011-07-29,NVDA,NVIDIA CORP,13.83,-0.132099,3660300.0,603727.0
86580,2011-08-31,NVDA,NVIDIA CORP,13.31,-0.037599,5688139.0,603727.0
86580,2011-09-30,NVDA,NVIDIA CORP,12.51,-0.060105,5064943.0,603727.0
86580,2011-10-31,NVDA,NVIDIA CORP,14.8,0.183054,3758164.0,610653.0
86580,2011-11-30,NVDA,NVIDIA CORP,15.63,0.056081,4073543.0,610653.0
86580,2011-12-30,NVDA,NVIDIA CORP,13.86,-0.113244,2461085.0,610653.0
86580,2012-01-31,NVDA,NVIDIA CORP,14.77,0.065657,2921392.0,612191.0
86580,2012-02-29,NVDA,NVIDIA CORP,15.15,0.025728,3291760.0,612191.0
86580,2012-03-30,NVDA,NVIDIA CORP,15.395,0.016172,2599438.0,616028.0
86580,2012-04-30,NVDA,NVIDIA CORP,13.0,-0.155570,2388012.0,618804.0
86580,2012-05-31,NVDA,NVIDIA CORP,12.43,-0.043846,2847775.0,618804.0
86580,2012-06-29,NVDA,NVIDIA CORP,13.82,0.111826,2879105.0,618804.0
86580,2012-07-31,NVDA,NVIDIA CORP,13.54,-0.020260,2125022.0,619476.0
86580,2012-08-31,NVDA,NVIDIA CORP,14.03,0.036189,2474634.0,619476.0
86580,2012-09-28,NVDA,NVIDIA CORP,13.34,-0.049180,2178650.0,619476.0
86580,2012-10-31,NVDA,NVIDIA CORP,11.975,-0.102324,2024582.0,624851.0
86580,2012-11-30,NVDA,NVIDIA CORP,11.97,0.005846,2447008.0,624851.0
86580,2012-12-31,NVDA,NVIDIA CORP,12.26,0.024227,1982528.0,624851.0
86580,2013-01-31,NVDA,NVIDIA CORP,12.26,0.000000,2285770.0,616756.0
86580,2013-02-28,NVDA,NVIDIA CORP,12.66,0.038744,2460540.0,616756.0
86580,2013-03-28,NVDA,NVIDIA CORP,12.83,0.013428,1643415.0,615980.0
86580,2013-04-30,NVDA,NVIDIA CORP,13.77,0.073266,2333234.0,577916.0
86580,2013-05-31,NVDA,NVIDIA CORP,14.47,0.056282,2066907.0,577916.0
86580,2013-06-28,NVDA,NVIDIA CORP,14.04,-0.029717,2318002.0,577916.0
86580,2013-07-31,NVDA,NVIDIA CORP,14.435,0.028134,1306213.0,578598.0
86580,2013-08-30,NVDA,NVIDIA CORP,14.75,0.027018,1955945.0,578598.0
86580,2013-09-30,NVDA,NVIDIA CORP,15.56,0.054915,1198504.0,578598.0
86580,2013-10-31,NVDA,NVIDIA CORP,15.189,-0.023843,1437231.0,568536.0
86580,2013-11-29,NVDA,NVIDIA CORP,15.6,0.032655,1656454.0,568536.0
86580,2013-12-31,NVDA,NVIDIA CORP,16.02,0.026923,1523935.0,568536.0
86580,2014-01-31,NVDA,NVIDIA CORP,15.7,-0.019975,1340261.0,567997.0
86580,2014-02-28,NVDA,NVIDIA CORP,18.38,0.176115,1931455.0,567997.0
86580,2014-03-31,NVDA,NVIDIA CORP,17.91,-0.025571,1804262.0,554241.0
86580,2014-04-30,NVDA,NVIDIA CORP,18.47,0.031267,1734677.0,557966.0
86580,2014-05-30,NVDA,NVIDIA CORP,19.0,0.033297,1403444.0,557966.0
86580,2014-06-30,NVDA,NVIDIA CORP,18.54,-0.024210,1319357.0,557966.0
86580,2014-07-31,NVDA,NVIDIA CORP,17.5,-0.056095,1567362.0,541915.0
86580,2014-08-29,NVDA,NVIDIA CORP,19.45,0.116286,1520842.0,541915.0
86580,2014-09-30,NVDA,NVIDIA CORP,18.45,-0.051414,1378118.0,541915.0
86580,2014-10-31,NVDA,NVIDIA CORP,19.54,0.059079,1651987.0,543537.0
86580,2014-11-28,NVDA,NVIDIA CORP,20.97,0.077533,1160917.0,543537.0
86580,2014-12-31,NVDA,NVIDIA CORP,20.05,-0.043872,1064864.0,543537.0
86580,2015-01-30,NVDA,NVIDIA CORP,19.205,-0.042145,1035142.0,544913.0
86580,2015-02-27,NVDA,NVIDIA CORP,22.06,0.153085,1048203.0,544913.0
86580,2015-03-31,NVDA,NVIDIA CORP,20.925,-0.051451,1827666.0,549840.0
86580,2015-04-30,NVDA,NVIDIA CORP,22.195,0.060693,1418360.0,538000.0
86580,2015-05-29,NVDA,NVIDIA CORP,22.13,0.001464,1755875.0,538000.0
86580,2015-06-30,NVDA,NVIDIA CORP,20.11,-0.091279,1833503.0,538000.0
86580,2015-07-31,NVDA,NVIDIA CORP,19.95,-0.007956,1370130.0,539000.0
86580,2015-08-31,NVDA,NVIDIA CORP,22.48,0.131704,2368589.0,539000.0
86580,2015-09-30,NVDA,NVIDIA CORP,24.65,0.096530,1620109.0,539000.0
86580,2015-10-30,NVDA,NVIDIA CORP,28.37,0.150913,2012114.0,538000.0
86580,2015-11-30,NVDA,NVIDIA CORP,31.72,0.122136,1836307.0,538000.0
86580,2015-12-31,NVDA,NVIDIA CORP,32.96,0.039092,1406571.0,538000.0
86580,2016-01-29,NVDA,NVIDIA CORP,29.29,-0.111347,2034769.0,538513.0
86580,2016-02-29,NVDA,NVIDIA CORP,31.36,0.074599,2253808.0,538513.0
86580,2016-03-31,NVDA,NVIDIA CORP,35.63,0.136161,1643470.0,542000.0
86580,2016-04-29,NVDA,NVIDIA CORP,35.53,-0.002807,1683568.0,534000.0
86580,2016-05-31,NVDA,NVIDIA CORP,46.72,0.318182,2587723.0,534000.0
86580,2016-06-30,NVDA,NVIDIA CORP,47.01,0.006207,2050186.0,534000.0
86580,2016-07-29,NVDA,NVIDIA CORP,57.1,0.214635,1802525.0,535000.0
86580,2016-08-31,NVDA,NVIDIA CORP,61.34,0.076270,2327791.0,535000.0
86580,2016-09-30,NVDA,NVIDIA CORP,68.52,0.117052,2166678.0,535000.0
86580,2016-10-31,NVDA,NVIDIA CORP,71.16,0.038529,1638028.0,539000.0
86580,2016-11-30,NVDA,NVIDIA CORP,92.2,0.297639,3192714.0,539000.0
86580,2016-12-30,NVDA,NVIDIA CORP,106.74,0.157701,4520640.0,539000.0
86580,2017-01-31,NVDA,NVIDIA CORP,109.18,0.022859,3349664.0,585000.0
86580,2017-02-28,NVDA,NVIDIA CORP,101.48,-0.069243,3551919.0,589000.0
86580,2017-03-31,NVDA,NVIDIA CORP,108.93,0.073413,3572460.0,566519.0
86580,2017-04-28,NVDA,NVIDIA CORP,104.3,-0.042504,2399543.0,595000.0
86580,2017-05-31,NVDA,NVIDIA CORP,144.35001,0.385331,4804417.0,595000.0
86580,2017-06-30,NVDA,NVIDIA CORP,144.56,0.001455,5861751.0,595000.0
86580,2017-07-31,NVDA,NVIDIA CORP,162.50999,0.124170,3873579.0,600000.0
86580,2017-08-31,NVDA,NVIDIA CORP,169.44,0.043505,3683307.0,600000.0
86580,2017-09-29,NVDA,NVIDIA CORP,178.77,0.055064,3614309.0,600000.0
86580,2017-10-31,NVDA,NVIDIA CORP,206.81,0.156850,2855819.0,606000.0
86580,2017-11-30,NVDA,NVIDIA CORP,200.71001,-0.028770,2970132.0,606000.0
86580,2017-12-29,NVDA,NVIDIA CORP,193.5,-0.035923,2528164.0,606000.0
86580,2018-01-31,NVDA,NVIDIA CORP,245.8,0.270284,2864272.0,606215.0
86580,2018-02-28,NVDA,NVIDIA CORP,242.0,-0.014849,3720215.0,605000.0
86580,2018-03-29,NVDA,NVIDIA CORP,231.59,-0.043017,3547079.0,605000.0
86580,2018-04-30,NVDA,NVIDIA CORP,224.89999,-0.028887,2786544.0,607000.0
86580,2018-05-31,NVDA,NVIDIA CORP,252.19,0.122010,2998722.0,607000.0
86580,2018-06-29,NVDA,NVIDIA CORP,236.89999,-0.060629,2196523.0,607000.0
86580,2018-07-31,NVDA,NVIDIA CORP,244.86,0.033601,1577629.0,608000.0
86580,2018-08-31,NVDA,NVIDIA CORP,280.67999,0.146900,2730018.0,608000.0
86580,2018-09-28,NVDA,NVIDIA CORP,281.01999,0.001211,1584933.0,608000.0
86580,2018-10-31,NVDA,NVIDIA CORP,210.83,-0.249769,3245023.0,610000.0
86580,2018-11-30,NVDA,NVIDIA CORP,163.42999,-0.224067,4049666.0,610000.0
86580,2018-12-31,NVDA,NVIDIA CORP,133.5,-0.183136,3112856.0,610000.0
86580,2019-01-31,NVDA,NVIDIA CORP,143.75,0.076779,4217646.0,610000.0
86580,2019-02-28,NVDA,NVIDIA CORP,154.25999,0.074226,2860765.0,606000.0
86580,2019-03-29,NVDA,NVIDIA CORP,179.56,0.164009,3017167.0,606000.0
86580,2019-04-30,NVDA,NVIDIA CORP,181.0,0.008020,2363511.0,609000.0
86580,2019-05-31,NVDA,NVIDIA CORP,135.46001,-0.250718,2794895.0,609000.0
86580,2019-06-28,NVDA,NVIDIA CORP,164.23,0.212387,2056951.0,609000.0
86580,2019-07-31,NVDA,NVIDIA CORP,168.72,0.027340,2104278.0,609000.0
86580,2019-08-30,NVDA,NVIDIA CORP,167.50999,-0.006223,2392428.0,609000.0
86580,2019-09-30,NVDA,NVIDIA CORP,174.07001,0.039162,1601226.0,609000.0
86580,2019-10-31,NVDA,NVIDIA CORP,201.02,0.154823,1951366.0,612000.0
86580,2019-11-29,NVDA,NVIDIA CORP,216.74001,0.078997,1834107.0,612000.0
86580,2019-12-31,NVDA,NVIDIA CORP,235.3,0.085633,1639520.0,612000.0
86580,2020-01-31,NVDA,NVIDIA CORP,236.42999,0.004802,1530289.0,612000.0
86580,2020-02-28,NVDA,NVIDIA CORP,270.07001,0.142960,2956454.0,612000.0
86580,2020-03-31,NVDA,NVIDIA CORP,263.60001,-0.023957,3937008.0,615108.0
86580,2020-04-30,NVDA,NVIDIA CORP,292.28,0.108801,2818295.0,615000.0
86580,2020-05-29,NVDA,NVIDIA CORP,355.01999,0.214657,3132848.0,615000.0
86580,2020-06-30,NVDA,NVIDIA CORP,379.91,0.070559,2423478.0,615000.0
86580,2020-07-31,NVDA,NVIDIA CORP,424.59,0.117607,2022348.0,617000.0
86580,2020-08-31,NVDA,NVIDIA CORP,534.97998,0.259992,2411113.0,617000.0
86580,2020-09-30,NVDA,NVIDIA CORP,541.21997,0.011963,3956426.0,617000.0
86580,2020-10-30,NVDA,NVIDIA CORP,501.35999,-0.073648,2000696.0,619000.0
86580,2020-11-30,NVDA,NVIDIA CORP,536.06,0.069212,1896177.0,619000.0
86580,2020-12-31,NVDA,NVIDIA CORP,522.20001,-0.025557,1276936.0,619000.0
86580,2021-01-29,NVDA,NVIDIA CORP,519.59003,-0.004998,1532575.0,620000.0
86580,2021-02-26,NVDA,NVIDIA CORP,548.58002,0.055794,1666380.0,620000.0
86580,2021-03-31,NVDA,NVIDIA CORP,533.92999,-0.026414,1906338.0,622345.0
86580,2021-04-30,NVDA,NVIDIA CORP,600.38,0.124455,1675421.0,623000.0
86580,2021-05-28,NVDA,NVIDIA CORP,649.78003,0.082281,1760518.0,623000.0
86580,2021-06-30,NVDA,NVIDIA CORP,800.09998,0.231586,2562882.0,623000.0
86580,2021-07-30,NVDA,NVIDIA CORP,194.99001,-0.025172,3711893.0,2500000.0
86580,2021-08-31,NVDA,NVIDIA CORP,223.85001,0.148213,6403341.0,2500000.0
86580,2021-09-30,NVDA,NVIDIA CORP,207.16,-0.074559,4992551.0,2500000.0
86580,2021-10-29,NVDA,NVIDIA CORP,255.67,0.234167,4963403.0,2502000.0
86580,2021-11-30,NVDA,NVIDIA CORP,326.76001,0.278054,10785582.0,2500000.0
86580,2021-12-31,NVDA,NVIDIA CORP,294.10999,-0.099798,11041329.0,2500000.0
86580,2022-01-31,NVDA,NVIDIA CORP,244.86,-0.167454,10660409.0,2506000.0
86580,2022-02-28,NVDA,NVIDIA CORP,243.85001,-0.004125,10588623.0,2506000.0
86580,2022-03-31,NVDA,NVIDIA CORP,272.85999,0.119131,11621613.0,2503959.0
86580,2022-04-29,NVDA,NVIDIA CORP,185.47,-0.320274,11093061.0,2500000.0
86580,2022-05-31,NVDA,NVIDIA CORP,186.72,0.006740,13804449.0,2500000.0
86580,2022-06-30,NVDA,NVIDIA CORP,151.59,-0.187928,10560406.0,2500000.0
86580,2022-07-29,NVDA,NVIDIA CORP,181.63,0.198166,10557209.0,2489000.0
86580,2022-08-31,NVDA,NVIDIA CORP,150.94,-0.168970,12062457.0,2490000.0
86580,2022-09-30,NVDA,NVIDIA CORP,121.39,-0.195508,13120969.0,2490000.0
86580,2022-10-31,NVDA,NVIDIA CORP,134.97,0.111871,12538222.0,2460000.0
86580,2022-11-30,NVDA,NVIDIA CORP,169.23,0.254131,10587972.0,2460000.0
86580,2022-12-30,NVDA,NVIDIA CORP,146.14,-0.136442,8945747.0,2460000.0
86580,2023-01-31,NVDA,NVIDIA CORP,195.37,0.336869,9444060.0,2466000.0
86580,2023-02-28,NVDA,NVIDIA CORP,232.16,0.188309,10377963.0,2470000.0
86580,2023-03-31,NVDA,NVIDIA CORP,277.76999,0.196632,11244508.0,2470000.0
86580,2023-04-28,NVDA,NVIDIA CORP,277.48999,-0.001008,7426880.0,2470000.0
86580,2023-05-31,NVDA,NVIDIA CORP,378.34,0.363437,11672209.0,2470000.0
86580,2023-06-30,NVDA,NVIDIA CORP,423.01999,0.118201,10502739.0,2470000.0
86580,2023-07-31,NVDA,NVIDIA CORP,467.29001,0.104652,8685162.0,2470000.0
86580,2023-08-31,NVDA,NVIDIA CORP,493.54999,0.056196,13596091.0,2470000.0
86580,2023-09-29,NVDA,NVIDIA CORP,434.98999,-0.118570,8556380.0,2470000.0
86580,2023-10-31,NVDA,NVIDIA CORP,407.79999,-0.062507,10118980.0,2466000.0
86580,2023-11-30,NVDA,NVIDIA CORP,467.70001,0.146886,9083078.0,2470000.0
86580,2023-12-29,NVDA,NVIDIA CORP,495.22,0.058927,7364389.0,2470000.0
86580,2024-01-31,NVDA,NVIDIA CORP,615.27002,0.242418,9656674.0,2464000.0
86580,2024-02-29,NVDA,NVIDIA CORP,791.12,0.285809,10998703.0,2500000.0
86580,2024-03-28,NVDA,NVIDIA CORP,903.56,0.142178,12058409.0,2463727.0
86580,2024-04-30,NVDA,NVIDIA CORP,864.02002,-0.043760,10005538.0,2459834.0
86580,2024-05-31,NVDA,NVIDIA CORP,1096.32996,0.268871,9583564.0,2459834.0
86580,2024-06-28,NVDA,NVIDIA CORP,123.54,0.126942,52079142.0,24568840.0
86580,2024-06-28,NVDA,NVIDIA CORP,123.54,0.126942,52079142.0,24568840.0
86580,2024-07-31,NVDA,NVIDIA CORP,117.02,-0.052776,63631317.0,24562000.0
86580,2024-08-30,NVDA,NVIDIA CORP,119.37,0.020082,80756836.0,24530000.0
86580,2024-09-30,NVDA,NVIDIA CORP,121.44,0.017425,62413372.0,24530000.0
86580,2024-10-31,NVDA,NVIDIA CORP,132.75999,0.093215,56028888.0,24508000.0
86580,2024-11-29,NVDA,NVIDIA CORP,138.25,0.041353,44805933.0,24490000.0
86580,2024-12-31,NVDA,NVIDIA CORP,134.28999,-0.028571,40668055.0,24490000.0
